Starting,Connection,End
YTZ,,BOS
LHR,,BOS
LHR,,BOS
LHR,,BOS
BHM,ATL,PVD
SFO,DTW,PVD
LHR,,BOS
AUS,ATL,PVD
SFO,,BOS
RAP,ORD,PVD
LHR,,BOS
LHR,,BOS
SYD,LAX/PHL,PVD
LHR,*,BOS
JFK,*,LHR
LAX,,PVD
LGW,,BOS
RAP,MSP,BOS
AUS,DAL,PVD
SFO,,BOS
SFO,,BOS
RAP,MSP,BOS
SBA,DFW,BOS
SBA,DEN,BOS
LHR,,BOS
LGW,,BOS
RAP,ORD,PVD
DTW,BDL,CTL
CMH,IAD,PVD
EDI,AMS,BOS
LHR,,BOS
SJC,,BOS
SFO,,BOS
DCA,,PVD
ORD,,PVD
LHR,,BOS
SFO,ATL,PVD
SBA,PHX,BOS
AUS,,PVD
SFO,ORD,PVD
BWI,,PVD
SFO,,BOS
SFO,EWR,PVD